{"cameraMode":{"drawMode":0,"name":"Shaded","section":"Shading Mode"},"sceneLighting":true,"audioPlay":false,"sceneViewState":{"m_AlwaysRefresh":false,"showFog":true,"showSkybox":true,"showFlares":true,"showImageEffects":true,"showParticleSystems":true,"showVisualEffectGraphs":true,"m_FxEnabled":true},"in2DMode":false,"pivot":{"x":41.57481002807617,"y":2.348539352416992,"z":1.8653991222381592},"rotation":{"x":0.4918087422847748,"y":0.009403273463249207,"z":-0.005311759188771248,"w":0.8706377744674683},"size":119.70855712890625,"orthographic":true}